{
  "KNOX": "KNOX123@",
  "Umang": "Umang@1234",
  "john": "john123@",
  "Dhruv": "Darshan@1234",
  "KNOXX": "Darshan@1234",
  "UMANG": "Darshan@1234",
  "darshan": "Darshan@1234",
  "Kush": "Darshan@1234",
  "Brijsir": "Darshan@1234",
  "kush": "Darshan@1234",
  "simchan": "Darshan@1234",
  "chotaliyadarshan710": "Darshan@1234",
  "salesuser": "salesuser123@",
  "pmuser": "Darshan@1234",
  "thrivexai5": "Darshan@1234",
  "umangsuthar": "Darshan@1234",
  "dhruuv": "Darshan@1234",
  "pranav": "Darshan@1234",
  "umang": "Umang@1234",
  "mandar.dhayber": "Mandar@1234",
  "latesh.rajput": "Latesh@1234",
  "Darshan": "Darshan@1234"
}